MainEntityName,All Other,All Other - Private Sector,Arizona Deferred Compensation Plan,Aurora,Baltimore,California Savings Plus Program,Chicago,Cook County,Denver,Des Moines,Florida Deferred Compensation Plan,Fort Collins Retirement Plans,Fresno County,Gilbert,Genesee County,Kansas City Deferred Compensation Plan,Kansas City Missouri Board of Police Commissioners,Kentucky,Las Vegas,Maricopa County,MassHousing,Mesa Fire & Medical,Methodist Hospital,Metropolitan Atlanta Rapid Transit Authority,Miami,Miami-Dade County,Monterey County Deferred Comp Plan,Morehouse School of Medicine,Sacramento 457,Sacramento Regional Transit District,San Diego County,Santa Clara,Santa Clara Valley Water District,Scottsdale,South Dakota Retirement System,Stanislaus County,Suncoast,Tulsa,Thornton
Module 1_Inferred Retiree_URL1,https://blog.nationwide.com/who-to-name-in-a-will/,,https://blog.nationwide.com/who-to-name-in-a-will/,https://blog.nationwide.com/who-to-name-in-a-will/,https://blog.nationwide.com/who-to-name-in-a-will/,https://blog.nationwide.com/who-to-name-in-a-will/,https://blog.nationwide.com/who-to-name-in-a-will/,https://blog.nationwide.com/who-to-name-in-a-will/,https://blog.nationwide.com/who-to-name-in-a-will/,https://blog.nationwide.com/who-to-name-in-a-will/,https://blog.nationwide.com/who-to-name-in-a-will/,https://blog.nationwide.com/who-to-name-in-a-will/,https://blog.nationwide.com/who-to-name-in-a-will/,https://blog.nationwide.com/who-to-name-in-a-will/,https://blog.nationwide.com/who-to-name-in-a-will/,https://blog.nationwide.com/who-to-name-in-a-will/,https://blog.nationwide.com/who-to-name-in-a-will/,https://blog.nationwide.com/who-to-name-in-a-will/,https://blog.nationwide.com/who-to-name-in-a-will/,https://blog.nationwide.com/who-to-name-in-a-will/,https://blog.nationwide.com/who-to-name-in-a-will/,https://blog.nationwide.com/who-to-name-in-a-will/,,https://blog.nationwide.com/who-to-name-in-a-will/,https://blog.nationwide.com/who-to-name-in-a-will/,https://blog.nationwide.com/who-to-name-in-a-will/,https://blog.nationwide.com/who-to-name-in-a-will/,,https://blog.nationwide.com/who-to-name-in-a-will/,https://blog.nationwide.com/who-to-name-in-a-will/,https://blog.nationwide.com/who-to-name-in-a-will/,https://blog.nationwide.com/who-to-name-in-a-will/,https://blog.nationwide.com/who-to-name-in-a-will/,https://blog.nationwide.com/who-to-name-in-a-will/,https://blog.nationwide.com/who-to-name-in-a-will/,https://blog.nationwide.com/who-to-name-in-a-will/,,https://blog.nationwide.com/who-to-name-in-a-will/,https://blog.nationwide.com/who-to-name-in-a-will/
Module 1_Inferred Retiree_Alias1,Module1_InferredRetiree_URL1,,Module1_InferredRetiree_URL1,Module1_InferredRetiree_URL1,Module1_InferredRetiree_URL1,Module1_InferredRetiree_URL1,Module1_InferredRetiree_URL1,Module1_InferredRetiree_URL1,Module1_InferredRetiree_URL1,Module1_InferredRetiree_URL1,Module1_InferredRetiree_URL1,Module1_InferredRetiree_URL1,Module1_InferredRetiree_URL1,Module1_InferredRetiree_URL1,Module1_InferredRetiree_URL1,Module1_InferredRetiree_URL1,Module1_InferredRetiree_URL1,Module1_InferredRetiree_URL1,Module1_InferredRetiree_URL1,Module1_InferredRetiree_URL1,Module1_InferredRetiree_URL1,Module1_InferredRetiree_URL1,,Module1_InferredRetiree_URL1,Module1_InferredRetiree_URL1,Module1_InferredRetiree_URL1,Module1_InferredRetiree_URL1,,Module1_InferredRetiree_URL1,Module1_InferredRetiree_URL1,Module1_InferredRetiree_URL1,Module1_InferredRetiree_URL1,Module1_InferredRetiree_URL1,Module1_InferredRetiree_URL1,Module1_InferredRetiree_URL1,Module1_InferredRetiree_URL1,,Module1_InferredRetiree_URL1,Module1_InferredRetiree_URL1
Module 1_Inferred Retiree_URL2,,,,,,,,,,,,,,,,,,,,,,,,,,,,,,,,,,,,,,,
Module 1_Inferred Retiree_Alias2,,,,,,,,,,,,,,,,,,,,,,,,,,,,,,,,,,,,,,,
Module 1_Transitioner_URL1,https://blog.nationwide.com/who-to-name-in-a-will/,https://blog.nationwide.com/who-to-name-in-a-will/,https://blog.nationwide.com/who-to-name-in-a-will/,https://blog.nationwide.com/who-to-name-in-a-will/,https://blog.nationwide.com/who-to-name-in-a-will/,https://blog.nationwide.com/who-to-name-in-a-will/,https://blog.nationwide.com/who-to-name-in-a-will/,https://blog.nationwide.com/who-to-name-in-a-will/,https://blog.nationwide.com/who-to-name-in-a-will/,https://blog.nationwide.com/who-to-name-in-a-will/,https://blog.nationwide.com/who-to-name-in-a-will/,https://blog.nationwide.com/who-to-name-in-a-will/,https://blog.nationwide.com/who-to-name-in-a-will/,https://blog.nationwide.com/who-to-name-in-a-will/,https://blog.nationwide.com/who-to-name-in-a-will/,https://blog.nationwide.com/who-to-name-in-a-will/,https://blog.nationwide.com/who-to-name-in-a-will/,https://blog.nationwide.com/who-to-name-in-a-will/,https://blog.nationwide.com/who-to-name-in-a-will/,https://blog.nationwide.com/who-to-name-in-a-will/,https://blog.nationwide.com/who-to-name-in-a-will/,https://blog.nationwide.com/who-to-name-in-a-will/,https://blog.nationwide.com/who-to-name-in-a-will/,https://blog.nationwide.com/who-to-name-in-a-will/,https://blog.nationwide.com/who-to-name-in-a-will/,https://blog.nationwide.com/who-to-name-in-a-will/,https://blog.nationwide.com/who-to-name-in-a-will/,https://blog.nationwide.com/who-to-name-in-a-will/,https://blog.nationwide.com/who-to-name-in-a-will/,https://blog.nationwide.com/who-to-name-in-a-will/,https://blog.nationwide.com/who-to-name-in-a-will/,https://blog.nationwide.com/who-to-name-in-a-will/,https://blog.nationwide.com/who-to-name-in-a-will/,https://blog.nationwide.com/who-to-name-in-a-will/,https://blog.nationwide.com/who-to-name-in-a-will/,https://blog.nationwide.com/who-to-name-in-a-will/,https://blog.nationwide.com/who-to-name-in-a-will/,https://blog.nationwide.com/who-to-name-in-a-will/,https://blog.nationwide.com/who-to-name-in-a-will/
Module 1_Transitioner_Alias1,Module1_Transitioner_URL1,Module1_Transitioner_URL1,Module1_Transitioner_URL1,Module1_Transitioner_URL1,Module1_Transitioner_URL1,Module1_Transitioner_URL1,Module1_Transitioner_URL1,Module1_Transitioner_URL1,Module1_Transitioner_URL1,Module1_Transitioner_URL1,Module1_Transitioner_URL1,Module1_Transitioner_URL1,Module1_Transitioner_URL1,Module1_Transitioner_URL1,Module1_Transitioner_URL1,Module1_Transitioner_URL1,Module1_Transitioner_URL1,Module1_Transitioner_URL1,Module1_Transitioner_URL1,Module1_Transitioner_URL1,Module1_Transitioner_URL1,Module1_Transitioner_URL1,Module1_Transitioner_URL1,Module1_Transitioner_URL1,Module1_Transitioner_URL1,Module1_Transitioner_URL1,Module1_Transitioner_URL1,Module1_Transitioner_URL1,Module1_Transitioner_URL1,Module1_Transitioner_URL1,Module1_Transitioner_URL1,Module1_Transitioner_URL1,Module1_Transitioner_URL1,Module1_Transitioner_URL1,Module1_Transitioner_URL1,Module1_Transitioner_URL1,Module1_Transitioner_URL1,Module1_Transitioner_URL1,Module1_Transitioner_URL1
Module 1_Transitioner_URL2,,,,,,,,,,,,,,,,,,,,,,,,,,,,,,,,,,,,,,,
Module 1_Transitioner_Alias2,,,,,,,,,,,,,,,,,,,,,,,,,,,,,,,,,,,,,,,
Module 1_Mid-Career Saver_URL1,https://www.experian.com/blogs/ask-experian/credit-education/score-basics/,https://www.nationwide.com/personal/investing/retirement-plans/articles/credit,https://www.experian.com/blogs/ask-experian/credit-education/score-basics/,https://www.experian.com/blogs/ask-experian/credit-education/score-basics/,https://www.experian.com/blogs/ask-experian/credit-education/score-basics/,https://www.experian.com/blogs/ask-experian/credit-education/score-basics/,https://www.experian.com/blogs/ask-experian/credit-education/score-basics/,https://www.experian.com/blogs/ask-experian/credit-education/score-basics/,https://www.experian.com/blogs/ask-experian/credit-education/score-basics/,https://www.experian.com/blogs/ask-experian/credit-education/score-basics/,https://www.experian.com/blogs/ask-experian/credit-education/score-basics/,https://www.experian.com/blogs/ask-experian/credit-education/score-basics/,https://www.experian.com/blogs/ask-experian/credit-education/score-basics/,https://www.experian.com/blogs/ask-experian/credit-education/score-basics/,https://www.experian.com/blogs/ask-experian/credit-education/score-basics/,https://www.experian.com/blogs/ask-experian/credit-education/score-basics/,https://www.experian.com/blogs/ask-experian/credit-education/score-basics/,https://www.experian.com/blogs/ask-experian/credit-education/score-basics/,https://www.experian.com/blogs/ask-experian/credit-education/score-basics/,https://www.experian.com/blogs/ask-experian/credit-education/score-basics/,https://www.experian.com/blogs/ask-experian/credit-education/score-basics/,https://www.experian.com/blogs/ask-experian/credit-education/score-basics/,https://www.experian.com/blogs/ask-experian/credit-education/score-basics/,https://www.experian.com/blogs/ask-experian/credit-education/score-basics/,https://www.experian.com/blogs/ask-experian/credit-education/score-basics/,https://www.experian.com/blogs/ask-experian/credit-education/score-basics/,https://www.experian.com/blogs/ask-experian/credit-education/score-basics/,https://www.experian.com/blogs/ask-experian/credit-education/score-basics/,https://www.experian.com/blogs/ask-experian/credit-education/score-basics/,https://www.experian.com/blogs/ask-experian/credit-education/score-basics/,https://www.experian.com/blogs/ask-experian/credit-education/score-basics/,https://www.experian.com/blogs/ask-experian/credit-education/score-basics/,https://www.experian.com/blogs/ask-experian/credit-education/score-basics/,https://www.experian.com/blogs/ask-experian/credit-education/score-basics/,https://www.experian.com/blogs/ask-experian/credit-education/score-basics/,https://www.experian.com/blogs/ask-experian/credit-education/score-basics/,https://www.experian.com/blogs/ask-experian/credit-education/score-basics/,https://www.experian.com/blogs/ask-experian/credit-education/score-basics/,https://www.experian.com/blogs/ask-experian/credit-education/score-basics/
Module 1_Mid-Career Saver_Alias1,Module1_Mid-CareerSaver_URL1,Module1_Mid-CareerSaver_URL1,Module1_Mid-CareerSaver_URL1,Module1_Mid-CareerSaver_URL1,Module1_Mid-CareerSaver_URL1,Module1_Mid-CareerSaver_URL1,Module1_Mid-CareerSaver_URL1,Module1_Mid-CareerSaver_URL1,Module1_Mid-CareerSaver_URL1,Module1_Mid-CareerSaver_URL1,Module1_Mid-CareerSaver_URL1,Module1_Mid-CareerSaver_URL1,Module1_Mid-CareerSaver_URL1,Module1_Mid-CareerSaver_URL1,Module1_Mid-CareerSaver_URL1,Module1_Mid-CareerSaver_URL1,Module1_Mid-CareerSaver_URL1,Module1_Mid-CareerSaver_URL1,Module1_Mid-CareerSaver_URL1,Module1_Mid-CareerSaver_URL1,Module1_Mid-CareerSaver_URL1,Module1_Mid-CareerSaver_URL1,Module1_Mid-CareerSaver_URL1,Module1_Mid-CareerSaver_URL1,Module1_Mid-CareerSaver_URL1,Module1_Mid-CareerSaver_URL1,Module1_Mid-CareerSaver_URL1,Module1_Mid-CareerSaver_URL1,Module1_Mid-CareerSaver_URL1,Module1_Mid-CareerSaver_URL1,Module1_Mid-CareerSaver_URL1,Module1_Mid-CareerSaver_URL1,Module1_Mid-CareerSaver_URL1,Module1_Mid-CareerSaver_URL1,Module1_Mid-CareerSaver_URL1,Module1_Mid-CareerSaver_URL1,Module1_Mid-CareerSaver_URL1,Module1_Mid-CareerSaver_URL1,Module1_Mid-CareerSaver_URL1
Module 1_Mid-Career Saver_URL2,,,,,,,,,,,,,,,,,,,,,,,,,,,,,,,,,,,,,,,
Module 1_Mid-Career Saver_Alias2,,,,,,,,,,,,,,,,,,,,,,,,,,,,,,,,,,,,,,,
Module 1_Young Saver_URL1,https://www.experian.com/blogs/ask-experian/credit-education/score-basics/,https://www.nationwide.com/personal/investing/retirement-plans/articles/credit,https://www.experian.com/blogs/ask-experian/credit-education/score-basics/,https://www.experian.com/blogs/ask-experian/credit-education/score-basics/,https://www.experian.com/blogs/ask-experian/credit-education/score-basics/,https://www.experian.com/blogs/ask-experian/credit-education/score-basics/,https://www.experian.com/blogs/ask-experian/credit-education/score-basics/,https://www.experian.com/blogs/ask-experian/credit-education/score-basics/,https://www.experian.com/blogs/ask-experian/credit-education/score-basics/,https://www.experian.com/blogs/ask-experian/credit-education/score-basics/,https://www.experian.com/blogs/ask-experian/credit-education/score-basics/,https://www.experian.com/blogs/ask-experian/credit-education/score-basics/,https://www.experian.com/blogs/ask-experian/credit-education/score-basics/,https://www.experian.com/blogs/ask-experian/credit-education/score-basics/,https://www.experian.com/blogs/ask-experian/credit-education/score-basics/,https://www.experian.com/blogs/ask-experian/credit-education/score-basics/,https://www.experian.com/blogs/ask-experian/credit-education/score-basics/,https://www.experian.com/blogs/ask-experian/credit-education/score-basics/,https://www.experian.com/blogs/ask-experian/credit-education/score-basics/,https://www.experian.com/blogs/ask-experian/credit-education/score-basics/,https://www.experian.com/blogs/ask-experian/credit-education/score-basics/,https://www.experian.com/blogs/ask-experian/credit-education/score-basics/,https://www.experian.com/blogs/ask-experian/credit-education/score-basics/,https://www.experian.com/blogs/ask-experian/credit-education/score-basics/,https://www.experian.com/blogs/ask-experian/credit-education/score-basics/,https://www.experian.com/blogs/ask-experian/credit-education/score-basics/,https://www.experian.com/blogs/ask-experian/credit-education/score-basics/,https://www.experian.com/blogs/ask-experian/credit-education/score-basics/,https://www.experian.com/blogs/ask-experian/credit-education/score-basics/,https://www.experian.com/blogs/ask-experian/credit-education/score-basics/,https://www.experian.com/blogs/ask-experian/credit-education/score-basics/,https://www.experian.com/blogs/ask-experian/credit-education/score-basics/,https://www.experian.com/blogs/ask-experian/credit-education/score-basics/,https://www.experian.com/blogs/ask-experian/credit-education/score-basics/,https://www.experian.com/blogs/ask-experian/credit-education/score-basics/,https://www.experian.com/blogs/ask-experian/credit-education/score-basics/,https://www.experian.com/blogs/ask-experian/credit-education/score-basics/,https://www.experian.com/blogs/ask-experian/credit-education/score-basics/,https://www.experian.com/blogs/ask-experian/credit-education/score-basics/
Module 1_Young Saver_Alias1,Module1_YoungSaver_URL1,Module1_YoungSaver_URL1,Module1_YoungSaver_URL1,Module1_YoungSaver_URL1,Module1_YoungSaver_URL1,Module1_YoungSaver_URL1,Module1_YoungSaver_URL1,Module1_YoungSaver_URL1,Module1_YoungSaver_URL1,Module1_YoungSaver_URL1,Module1_YoungSaver_URL1,Module1_YoungSaver_URL1,Module1_YoungSaver_URL1,Module1_YoungSaver_URL1,Module1_YoungSaver_URL1,Module1_YoungSaver_URL1,Module1_YoungSaver_URL1,Module1_YoungSaver_URL1,Module1_YoungSaver_URL1,Module1_YoungSaver_URL1,Module1_YoungSaver_URL1,Module1_YoungSaver_URL1,Module1_YoungSaver_URL1,Module1_YoungSaver_URL1,Module1_YoungSaver_URL1,Module1_YoungSaver_URL1,Module1_YoungSaver_URL1,Module1_YoungSaver_URL1,Module1_YoungSaver_URL1,Module1_YoungSaver_URL1,Module1_YoungSaver_URL1,Module1_YoungSaver_URL1,Module1_YoungSaver_URL1,Module1_YoungSaver_URL1,Module1_YoungSaver_URL1,Module1_YoungSaver_URL1,Module1_YoungSaver_URL1,Module1_YoungSaver_URL1,Module1_YoungSaver_URL1
Module 1_Young Saver_URL2,,,,,,,,,,,,,,,,,,,,,,,,,,,,,,,,,,,,,,,
Module 1_Young Saver_Alias2,,,,,,,,,,,,,,,,,,,,,,,,,,,,,,,,,,,,,,,
Module 2_Prospect_Online_Activation_URL,https://www.nrsforu.com/iApp/rsc/establishUserIdentify.x,https://www.nationwide.com/myretirement,https://www.arizonadc.com/iApp/rsc/establishUserIdentify.x,https://www.aurora457.org/iApp/rsc/establishUserIdentify.x,https://www.retirewithbmore.org/iApp/rsc/establishUserIdentify.x,https://www.savingsplusnow.com/iApp/rsc/establishUserIdentify.x,https://www.chicagodeferredcomp.com/iApp/rsc/establishUserIdentify.x,https://www.cookcountydc.com/iApp/rsc/establishUserIdentify.x,https://www.denver457.com/iApp/rsc/establishUserIdentify.x,https://www.desmoinesdcp.org/iApp/rsc/establishUserIdentify.x,https://www.nrsflorida.com/iApp/rsc/establishUserIdentify.x,https://www.FortCollinsRP.com/iApp/rsc/establishUserIdentify.x,https://www.fresno457.com/iApp/rsc/establishUserIdentify.x,https://www.nrsforu.com/iApp/rsc/establishUserIdentify.x,https://www.geneseecodcplans.com/iApp/rsc/establishUserIdentify.x,https://www.kcmodc.com/iApp/rsc/establishUserIdentify.x,https://www.kcpddc.com/iApp/rsc/establishUserIdentify.x,https://www.kentuckyplans.com/iApp/rsc/establishUserIdentify.x,https://www.CLVdeferredcomp.com/iApp/rsc/establishUserIdentify.x,https://www.maricopadc.com/iApp/rsc/establishUserIdentify.x,https://www.masshousingdc.com/iApp/rsc/establishUserIdentify.x,https://www.mesafiredc.com/iApp/rsc/establishUserIdentify.x,https://www.nationwide.com/mhsc.jsp,https://www.martadcp.com/iApp/rsc/establishUserIdentify.x,https://www.miami457.com/iApp/rsc/establishUserIdentify.x,https://www.miamidade457.com/iApp/rsc/establishUserIdentify.x,https://www.mcdc457.com/iApp/rsc/establishUserIdentify.x,https://www.nationwide.com/msm.jsp,https://www.cityofsacretplan.com/iApp/rsc/establishUserIdentify.x,https://www.nrsforu.com/iApp/rsc/establishUserIdentify.x,https://www.mydcplan.com/iApp/rsc/establishUserIdentify.x,https://www.santaclaracadcp.com/iApp/rsc/establishUserIdentify.x,https://www.santaclarawaterdcp.com/iApp/rsc/establishUserIdentify.x,https://www.scottsdale457.com/iApp/rsc/establishUserIdentify.x,https://www.srp457.com/iApp/rsc/establishUserIdentify.x,https://www.stanislausdc.com/iApp/rsc/establishUserIdentify.x,https://www.nationwide.com/suncoast.jsp,https://www.tulsa457.com/iApp/rsc/establishUserIdentify.x,https://www.mythorntonretirement.com/iApp/rsc/establishUserIdentify.x
Module 2_Prospect_Online_Activation_Alias,M2_Online_Activation_EstablishIdentity,M2_Online_Activation_EstablishIdentity,M2_Online_Activation_EstablishIdentity,M2_Online_Activation_EstablishIdentity,M2_Online_Activation_EstablishIdentity,M2_Online_Activation_EstablishIdentity,M2_Online_Activation_EstablishIdentity,M2_Online_Activation_EstablishIdentity,M2_Online_Activation_EstablishIdentity,M2_Online_Activation_EstablishIdentity,M2_Online_Activation_EstablishIdentity,M2_Online_Activation_EstablishIdentity,M2_Online_Activation_EstablishIdentity,M2_Online_Activation_EstablishIdentity,M2_Online_Activation_EstablishIdentity,M2_Online_Activation_EstablishIdentity,M2_Online_Activation_EstablishIdentity,M2_Online_Activation_EstablishIdentity,M2_Online_Activation_EstablishIdentity,M2_Online_Activation_EstablishIdentity,M2_Online_Activation_EstablishIdentity,M2_Online_Activation_EstablishIdentity,M2_Online_Activation_EstablishIdentity,M2_Online_Activation_EstablishIdentity,M2_Online_Activation_EstablishIdentity,M2_Online_Activation_EstablishIdentity,M2_Online_Activation_EstablishIdentity,M2_Online_Activation_EstablishIdentity,M2_Online_Activation_EstablishIdentity,M2_Online_Activation_EstablishIdentity,M2_Online_Activation_EstablishIdentity,M2_Online_Activation_EstablishIdentity,M2_Online_Activation_EstablishIdentity,M2_Online_Activation_EstablishIdentity,M2_Online_Activation_EstablishIdentity,M2_Online_Activation_EstablishIdentity,M2_Online_Activation_EstablishIdentity,M2_Online_Activation_EstablishIdentity,M2_Online_Activation_EstablishIdentity
Module 2_Prospect_ProAccount_URL,https://www.nrsforu.com/rsc-web-preauth/enroll/proaccount/index.html,https://www.nationwide.com/myretirement,https://www.arizonadc.com/iApp/tcm/arizonadc/about/proaccount.jsp,https://www.aurora457.org/iApp/tcm/aurora457/about/proaccount.jsp,https://www.retirewithbmore.org/iApp/tcm/retirewithbmore/about/proaccount.jsp,https://www.savingsplusnow.com/iApp/tcm/savingsplusnow/about/proaccount.jsp,https://www.chicagodeferredcomp.com/iApp/tcm/chicagodeferredcomp/about/proaccount.jsp,https://www.cookcountydc.com/iApp/tcm/cookcountydc/about/proaccount.jsp,https://www.denver457.com/iApp/tcm/denver457/about/proaccount.jsp,https://www.desmoinesdcp.org/iApp/tcm/desmoinesdcp/about/proaccount.jsp,https://www.nrsflorida.com/iApp/tcm/nrsflorida/about/proaccount.jsp,https://www.FortCollinsRP.com/rsc-web-preauth/enroll/proaccount/index.html,https://www.fresno457.com/rsc-web-preauth/enroll/proaccount/index.html,https://www.nrsforu.com/rsc-web-preauth/enroll/proaccount/index.html,https://www.geneseecodcplans.com/rsc-web-preauth/enroll/proaccount/index.html,,https://www.kcpddc.com/iApp/tcm/kcpddc/about/proaccount.jsp,https://www.kentuckyplans.com/iApp/tcm/kentuckyplans/about/proaccount.jsp,https://www.clvdeferredcomp.com/rsc-web-preauth/enroll/proaccount/index.html,https://www.maricopadc.com/iApp/tcm/maricopadc/about/proaccount.jsp,,https://www.mesafiredc.com/iApp/tcm/mesafiredc/about/proaccount.jsp,https://www.nationwide.com/mhsc.jsp,https://www.martadcp.com/rsc-web-preauth/enroll/proaccount/index.html,https://www.miami457.com/rsc-web-preauth/enroll/proaccount/index.html,https://www.miamidade457.com/iApp/tcm/miamidade457/about/proaccount.jsp,https://www.mcdc457.com/rsc-web-preauth/enroll/proaccount/index.html,https://www.nationwide.com/msm.jsp,https://www.cityofsacretplan.com/iApp/tcm/cityofsacretplan/about/proaccount.jsp,https://www.nrsforu.com/rsc-web-preauth/enroll/proaccount/index.html,,https://www.santaclaracadcp.com/iApp/tcm/santaclaracadcp/about/proaccount.jsp,https://www.santaclarawaterdcp.com/iApp/tcm/santaclarawaterdcp/about/proaccount.jsp,https://www.scottsdale457.com/iApp/tcm/scottsdale457/about/proaccount.jsp,https://www.srp457.com/iApp/tcm/srp457/about/proaccount.jsp,https://www.stanislausdc.com/rsc-web-preauth/enroll/proaccount/index.html,https://www.nationwide.com/suncoast.jsp,https://www.tulsa457.com/iApp/tcm/tulsa457/about/proaccount.jsp,https://www.mythorntonretirement.com/rsc-web-preauth/enroll/proaccount/index.html
Module 2_Prospect_ProAccount_Alias,M2_ProAccount_About,M2_ProAccount_About,M2_ProAccount_About,M2_ProAccount_About,M2_ProAccount_About,M2_ProAccount_About,M2_ProAccount_About,M2_ProAccount_About,M2_ProAccount_About,M2_ProAccount_About,M2_ProAccount_About,M2_ProAccount_About,M2_ProAccount_About,M2_ProAccount_About,M2_ProAccount_About,,M2_ProAccount_About,M2_ProAccount_About,M2_ProAccount_About,M2_ProAccount_About,,M2_ProAccount_About,M2_ProAccount_About,M2_ProAccount_About,M2_ProAccount_About,M2_ProAccount_About,M2_ProAccount_About,M2_ProAccount_About,M2_ProAccount_About,M2_ProAccount_About,,M2_ProAccount_About,M2_ProAccount_About,M2_ProAccount_About,M2_ProAccount_About,M2_ProAccount_About,M2_ProAccount_About,M2_ProAccount_About,M2_ProAccount_About
Module 2_Prospect_Rollin_NonRetiree_URL,https://www.nrsforu.com/rsc-web-preauth/articles/rollovers.html,https://www.nationwide.com/myretirement,https://www.arizonadc.com/iApp/tcm/arizonadc/learning/library/some_benefits_of_consolidation.jsp,https://www.aurora457.org/iApp/tcm/aurora457/learning/library/some_benefits_of_consolidation.jsp,https://www.retirewithbmore.org/iApp/tcm/retirewithbmore/learning/library/some_benefits_of_consolidation.jsp,https://www.savingsplusnow.com/iApp/tcm/savingsplusnow/learning/library/some_benefits_of_consolidation.jsp,https://www.chicagodeferredcomp.com/iApp/tcm/chicagodeferredcomp/learning/library/some_benefits_of_consolidation.jsp,https://www.cookcountydc.com/iApp/tcm/cookcountydc/learning/library/some_benefits_of_consolidation.jsp,https://www.denver457.com/iApp/tcm/denver457/learning/library/some_benefits_of_consolidation.jsp,https://www.desmoinesdcp.org/iApp/tcm/desmoinesdcp/learning/library/some_benefits_of_consolidation.jsp,https://www.nrsflorida.com/iApp/tcm/nrsflorida/learning/library/some_benefits_of_consolidation.jsp,https://www.FortCollinsRP.com/rsc-web-preauth/articles/rollovers.html,https://www.fresno457.com/rsc-web-preauth/articles/rollovers.html,https://www.nrsforu.com/rsc-web-preauth/articles/rollovers.html,https://www.geneseecodcplans.com/rsc-web-preauth/articles/rollovers.html,https://www.kcmodc.com/iApp/tcm/kcmodc/learning/library/some_benefits_of_consolidation.jsp,https://www.kcpddc.com/iApp/tcm/kcpddc/learning/library/some_benefits_of_consolidation.jsp,https://www.kentuckyplans.com/iApp/tcm/kentuckyplans/learning/library/some_benefits_of_consolidation.jsp,https://www.CLVdeferredcomp.com/rsc-web-preauth/articles/rollovers.html,https://www.maricopadc.com/iApp/tcm/maricopadc/learning/library/some_benefits_of_consolidation.jsp,https://www.masshousingdc.com/rsc-web-preauth/articles/rollovers.html,https://www.mesafiredc.com/iApp/tcm/mesafiredc/learning/library/some_benefits_of_consolidation.jsp,https://www.nationwide.com/mhsc.jsp,https://www.martadcp.com/rsc-web-preauth/articles/rollovers.html,https://www.miami457.com/rsc-web-preauth/articles/rollovers.html,https://www.miamidade457.com/iApp/tcm/miamidade457/learning/library/some_benefits_of_consolidation.jsp,https://www.mcdc457.com/rsc-web-preauth/articles/rollovers.html,https://www.nationwide.com/msm.jsp,https://www.cityofsacretplan.com/iApp/tcm/cityofsacretplan/learning/library/some_benefits_of_consolidation.jsp,https://www.nrsforu.com/rsc-web-preauth/articles/rollovers.html,https://www.mydcplan.com/iApp/tcm/mydcplan/learning/library/some_benefits_of_consolidation.jsp,https://www.santaclaracadcp.com/iApp/tcm/santaclaracadcp/learning/library/some_benefits_of_consolidation.jsp,https://www.santaclarawaterdcp.com/iApp/tcm/santaclarawaterdcp/learning/library/some_benefits_of_consolidation.jsp,https://www.scottsdale457.com/iApp/tcm/scottsdale457/learning/library/some_benefits_of_consolidation.jsp,https://www.srp457.com/iApp/tcm/srp457/learning/library/some_benefits_of_consolidation.jsp,https://www.stanislausdc.com/rsc-web-preauth/articles/rollovers.html,https://www.nationwide.com/suncoast.jsp,https://www.tulsa457.com/iApp/tcm/tulsa457/learning/library/some_benefits_of_consolidation.jsp,https://www.mythorntonretirement.com/rsc-web-preauth/articles/rollovers.html
Module 2_Prospect_Rollin_NonRetiree_Alias,M2_Rollin_NonRetiree_BenefitsofConsolidation,M2_Rollin_NonRetiree_BenefitsofConsolidation,M2_Rollin_NonRetiree_BenefitsofConsolidation,M2_Rollin_NonRetiree_BenefitsofConsolidation,M2_Rollin_NonRetiree_BenefitsofConsolidation,M2_Rollin_NonRetiree_BenefitsofConsolidation,M2_Rollin_NonRetiree_BenefitsofConsolidation,M2_Rollin_NonRetiree_BenefitsofConsolidation,M2_Rollin_NonRetiree_BenefitsofConsolidation,M2_Rollin_NonRetiree_BenefitsofConsolidation,M2_Rollin_NonRetiree_BenefitsofConsolidation,M2_Rollin_NonRetiree_BenefitsofConsolidation,M2_Rollin_NonRetiree_BenefitsofConsolidation,M2_Rollin_NonRetiree_BenefitsofConsolidation,M2_Rollin_NonRetiree_BenefitsofConsolidation,M2_Rollin_NonRetiree_BenefitsofConsolidation,M2_Rollin_NonRetiree_BenefitsofConsolidation,M2_Rollin_NonRetiree_BenefitsofConsolidation,M2_Rollin_NonRetiree_BenefitsofConsolidation,M2_Rollin_NonRetiree_BenefitsofConsolidation,M2_Rollin_NonRetiree_BenefitsofConsolidation,M2_Rollin_NonRetiree_BenefitsofConsolidation,M2_Rollin_NonRetiree_BenefitsofConsolidation,M2_Rollin_NonRetiree_BenefitsofConsolidation,M2_Rollin_NonRetiree_BenefitsofConsolidation,M2_Rollin_NonRetiree_BenefitsofConsolidation,M2_Rollin_NonRetiree_BenefitsofConsolidation,M2_Rollin_NonRetiree_BenefitsofConsolidation,M2_Rollin_NonRetiree_BenefitsofConsolidation,M2_Rollin_NonRetiree_BenefitsofConsolidation,M2_Rollin_NonRetiree_BenefitsofConsolidation,M2_Rollin_NonRetiree_BenefitsofConsolidation,M2_Rollin_NonRetiree_BenefitsofConsolidation,M2_Rollin_NonRetiree_BenefitsofConsolidation,M2_Rollin_NonRetiree_BenefitsofConsolidation,M2_Rollin_NonRetiree_BenefitsofConsolidation,M2_Rollin_NonRetiree_BenefitsofConsolidation,M2_Rollin_NonRetiree_BenefitsofConsolidation,M2_Rollin_NonRetiree_BenefitsofConsolidation
Module 2_Prospect_Rollin_Retiree_URL,https://www.nrsforu.com/rsc-web-preauth/articles/rollovers.html,https://www.nationwide.com/myretirement,https://www.arizonadc.com/iApp/tcm/arizonadc/learning/library/some_benefits_of_consolidation.jsp,https://www.aurora457.org/iApp/tcm/aurora457/learning/library/some_benefits_of_consolidation.jsp,https://www.retirewithbmore.org/iApp/tcm/retirewithbmore/learning/library/some_benefits_of_consolidation.jsp,https://www.savingsplusnow.com/iApp/tcm/savingsplusnow/learning/library/some_benefits_of_consolidation.jsp,https://www.chicagodeferredcomp.com/iApp/tcm/chicagodeferredcomp/learning/library/some_benefits_of_consolidation.jsp,https://www.cookcountydc.com/iApp/tcm/cookcountydc/learning/library/some_benefits_of_consolidation.jsp,https://www.denver457.com/iApp/tcm/denver457/learning/library/some_benefits_of_consolidation.jsp,https://www.desmoinesdcp.org/iApp/tcm/desmoinesdcp/learning/library/some_benefits_of_consolidation.jsp,https://www.nrsflorida.com/iApp/tcm/nrsflorida/learning/library/some_benefits_of_consolidation.jsp,https://www.FortCollinsRP.com/rsc-web-preauth/articles/rollovers.html,https://www.fresno457.com/rsc-web-preauth/articles/rollovers.html,https://www.nrsforu.com/rsc-web-preauth/articles/rollovers.html,https://www.geneseecodcplans.com/rsc-web-preauth/articles/rollovers.html,https://www.kcmodc.com/iApp/tcm/kcmodc/learning/library/some_benefits_of_consolidation.jsp,https://www.kcpddc.com/iApp/tcm/kcpddc/learning/library/some_benefits_of_consolidation.jsp,https://www.kentuckyplans.com/iApp/tcm/kentuckyplans/learning/library/some_benefits_of_consolidation.jsp,https://www.CLVdeferredcomp.com/rsc-web-preauth/articles/rollovers.html,https://www.maricopadc.com/iApp/tcm/maricopadc/learning/library/some_benefits_of_consolidation.jsp,https://www.masshousingdc.com/rsc-web-preauth/articles/rollovers.html,https://www.mesafiredc.com/iApp/tcm/mesafiredc/learning/library/some_benefits_of_consolidation.jsp,https://www.nationwide.com/mhsc.jsp,https://www.martadcp.com/rsc-web-preauth/articles/rollovers.html,https://www.miami457.com/rsc-web-preauth/articles/rollovers.html,https://www.miamidade457.com/iApp/tcm/miamidade457/learning/library/some_benefits_of_consolidation.jsp,https://www.mcdc457.com/rsc-web-preauth/articles/rollovers.html,https://www.nationwide.com/msm.jsp,https://www.cityofsacretplan.com/iApp/tcm/cityofsacretplan/learning/library/some_benefits_of_consolidation.jsp,https://www.nrsforu.com/rsc-web-preauth/articles/rollovers.html,https://www.mydcplan.com/iApp/tcm/mydcplan/learning/library/some_benefits_of_consolidation.jsp,https://www.santaclaracadcp.com/iApp/tcm/santaclaracadcp/learning/library/some_benefits_of_consolidation.jsp,https://www.santaclarawaterdcp.com/iApp/tcm/santaclarawaterdcp/learning/library/some_benefits_of_consolidation.jsp,https://www.scottsdale457.com/iApp/tcm/scottsdale457/learning/library/some_benefits_of_consolidation.jsp,https://www.srp457.com/iApp/tcm/srp457/learning/library/some_benefits_of_consolidation.jsp,https://www.stanislausdc.com/rsc-web-preauth/articles/rollovers.html,https://www.nationwide.com/suncoast.jsp,https://www.tulsa457.com/iApp/tcm/tulsa457/learning/library/some_benefits_of_consolidation.jsp,https://www.mythorntonretirement.com/rsc-web-preauth/articles/rollovers.html
Module 2_Prospect_Rollin_Retiree_Alias,M2_Rollin_Retiree_BenefitsofConsolidation,M2_Rollin_Retiree_BenefitsofConsolidation,M2_Rollin_Retiree_BenefitsofConsolidation,M2_Rollin_Retiree_BenefitsofConsolidation,M2_Rollin_Retiree_BenefitsofConsolidation,M2_Rollin_Retiree_BenefitsofConsolidation,M2_Rollin_Retiree_BenefitsofConsolidation,M2_Rollin_Retiree_BenefitsofConsolidation,M2_Rollin_Retiree_BenefitsofConsolidation,M2_Rollin_Retiree_BenefitsofConsolidation,M2_Rollin_Retiree_BenefitsofConsolidation,M2_Rollin_Retiree_BenefitsofConsolidation,M2_Rollin_Retiree_BenefitsofConsolidation,M2_Rollin_Retiree_BenefitsofConsolidation,M2_Rollin_Retiree_BenefitsofConsolidation,M2_Rollin_Retiree_BenefitsofConsolidation,M2_Rollin_Retiree_BenefitsofConsolidation,M2_Rollin_Retiree_BenefitsofConsolidation,M2_Rollin_Retiree_BenefitsofConsolidation,M2_Rollin_Retiree_BenefitsofConsolidation,M2_Rollin_Retiree_BenefitsofConsolidation,M2_Rollin_Retiree_BenefitsofConsolidation,M2_Rollin_Retiree_BenefitsofConsolidation,M2_Rollin_Retiree_BenefitsofConsolidation,M2_Rollin_Retiree_BenefitsofConsolidation,M2_Rollin_Retiree_BenefitsofConsolidation,M2_Rollin_Retiree_BenefitsofConsolidation,M2_Rollin_Retiree_BenefitsofConsolidation,M2_Rollin_Retiree_BenefitsofConsolidation,M2_Rollin_Retiree_BenefitsofConsolidation,M2_Rollin_Retiree_BenefitsofConsolidation,M2_Rollin_Retiree_BenefitsofConsolidation,M2_Rollin_Retiree_BenefitsofConsolidation,M2_Rollin_Retiree_BenefitsofConsolidation,M2_Rollin_Retiree_BenefitsofConsolidation,M2_Rollin_Retiree_BenefitsofConsolidation,M2_Rollin_Retiree_BenefitsofConsolidation,M2_Rollin_Retiree_BenefitsofConsolidation,M2_Rollin_Retiree_BenefitsofConsolidation
Module 2_Prospect_CE_Increase_URL,https://www.nrsforu.com/iApp/rsc/login.x,https://www.nationwide.com/myretirement,https://www.arizonadc.com/iApp/rsc/login.x,https://www.aurora457.org/iApp/rsc/login.x,https://www.retirewithbmore.org/iApp/rsc/login.x,https://www.savingsplusnow.com/iApp/rsc/login.x,https://www.chicagodeferredcomp.com/iApp/rsc/login.x,https://www.cookcountydc.com/iApp/rsc/login.x,https://www.denver457.com/iApp/rsc/login.x,https://www.desmoinesdcp.org/iApp/rsc/login.x,https://www.nrsflorida.com/iApp/rsc/login.x,https://www.FortCollinsRP.com/iApp/rsc/login.x,https://www.fresno457.com/iApp/rsc/login.x,https://www.nrsforu.com/iApp/rsc/login.x,https://www.geneseecodcplans.com/iApp/rsc/login.x,https://www.kcmodc.com/iApp/rsc/login.x,https://www.kcpddc.com/iApp/rsc/login.x,https://www.kentuckyplans.com/iApp/rsc/login.x,https://www.CLVdeferredcomp.com/iApp/rsc/login.x,https://www.maricopadc.com/iApp/rsc/login.x,https://www.masshousingdc.com/iApp/rsc/login.x,https://www.mesafiredc.com/iApp/rsc/login.x,https://www.nationwide.com/mhsc.jsp,https://www.martadcp.com/iApp/rsc/login.x,https://www.miami457.com/iApp/rsc/login.x,https://www.miamidade457.com/iApp/rsc/login.x,https://www.mcdc457.com/iApp/rsc/login.x,https://www.nationwide.com/msm.jsp,https://www.cityofsacretplan.com/iApp/rsc/login.x,https://www.nrsforu.com/iApp/rsc/login.x,https://www.mydcplan.com/iApp/rsc/login.x,https://www.santaclaracadcp.com/iApp/rsc/login.x,https://www.santaclarawaterdcp.com/iApp/rsc/login.x,https://www.scottsdale457.com/iApp/rsc/login.x,https://www.srp457.com/iApp/rsc/login.x,https://www.stanislausdc.com/iApp/rsc/login.x,https://www.nationwide.com/suncoast.jsp,https://www.tulsa457.com/iApp/rsc/login.x,https://www.mythorntonretirement.com/iApp/rsc/login.x
Module 2_Prospect_CE_Increase_Alias,M2_CE_Increase_Login,M2_CE_Increase_Login,M2_CE_Increase_Login,M2_CE_Increase_Login,M2_CE_Increase_Login,M2_CE_Increase_Login,M2_CE_Increase_Login,M2_CE_Increase_Login,M2_CE_Increase_Login,M2_CE_Increase_Login,M2_CE_Increase_Login,M2_CE_Increase_Login,M2_CE_Increase_Login,M2_CE_Increase_Login,M2_CE_Increase_Login,M2_CE_Increase_Login,M2_CE_Increase_Login,M2_CE_Increase_Login,M2_CE_Increase_Login,M2_CE_Increase_Login,M2_CE_Increase_Login,M2_CE_Increase_Login,M2_CE_Increase_Login,M2_CE_Increase_Login,M2_CE_Increase_Login,M2_CE_Increase_Login,M2_CE_Increase_Login,M2_CE_Increase_Login,M2_CE_Increase_Login,M2_CE_Increase_Login,M2_CE_Increase_Login,M2_CE_Increase_Login,M2_CE_Increase_Login,M2_CE_Increase_Login,M2_CE_Increase_Login,M2_CE_Increase_Login,M2_CE_Increase_Login,M2_CE_Increase_Login,M2_CE_Increase_Login
Module 2_Prospect_MIRP_User_URL,https://www.nrsforu.com/iApp/rsc/one-rp-retirement-planner.x,https://www.nationwide.com/myretirement,https://www.arizonadc.com/iApp/rsc/one-rp-retirement-planner.x,https://www.aurora457.com/iApp/rsc/one-rp-retirement-planner.x,https://www.retirewithbmore.com/iApp/rsc/one-rp-retirement-planner.x,https://www.savingsplusnow.com/iApp/rsc/one-rp-retirement-planner.x,https://www.chicagodeferredcomp.com/iApp/rsc/one-rp-retirement-planner.x,https://www.cookcountydc.com/iApp/rsc/one-rp-retirement-planner.x,https://www.denver457.com/iApp/rsc/one-rp-retirement-planner.x,https://www.desmoinesdcp.org/iApp/rsc/login.x,https://www.nrsflorida.com/iApp/rsc/one-rp-retirement-planner.x,https://www.FortCollinsRP.com/iApp/rsc/one-rp-retirement-planner.x,https://www.fresno457.com/iApp/rsc/one-rp-retirement-planner.x,https://www.nrsforu.com/iApp/rsc/one-rp-retirement-planner.x,https://www.geneseecodcplans.com/iApp/rsc/one-rp-retirement-planner.x,https://www.kcmodc.com/iApp/rsc/one-rp-retirement-planner.x,https://www.kcpddc.com/iApp/rsc/one-rp-retirement-planner.x,https://www.kentuckyplans.com/iApp/rsc/one-rp-retirement-planner.x,https://www.CLVdeferredcomp.com/iApp/rsc/one-rp-retirement-planner.x,https://www.maricopadc.com/iApp/rsc/one-rp-retirement-planner.x,https://www.masshousingdc.com/iApp/rsc/one-rp-retirement-planner.x,https://www.mesafiredc.com/iApp/rsc/one-rp-retirement-planner.x,https://www.nationwide.com/mhsc.jsp,https://www.martadcp.com/iApp/rsc/one-rp-retirement-planner.x,https://www.miami457.com/iApp/rsc/one-rp-retirement-planner.x,https://www.miamidade457.com/iApp/rsc/one-rp-retirement-planner.x,https://www.mcdc457.com/iApp/rsc/one-rp-retirement-planner.x,https://www.nationwide.com/msm.jsp,https://www.cityofsacretplan.com/iApp/rsc/one-rp-retirement-planner.x,https://www.nrsforu.com/iApp/rsc/one-rp-retirement-planner.x,https://www.mydcplan.com/iApp/rsc/one-rp-retirement-planner.x,https://www.santaclaracadcp.com/iApp/rsc/one-rp-retirement-planner.x,https://www.santaclarawaterdcp.com/iApp/rsc/one-rp-retirement-planner.x,https://www.scottsdale457.com/iApp/rsc/one-rp-retirement-planner.x,https://www.srp457.com/iApp/rsc/one-rp-retirement-planner.x,https://www.stanislausdc.com/iApp/rsc/one-rp-retirement-planner.x,https://www.nationwide.com/suncoast.jsp,https://www.tulsa457.com/iApp/rsc/one-rp-retirement-planner.x,https://www.mythorntonretirement.com/iApp/rsc/one-rp-retirement-planner.x
Module 2_Prospect_MIRP_User_Alias,M2_MIRP_Users_DeepLink,M2_MIRP_Users_Login,M2_MIRP_Users_DeepLink,M2_MIRP_Users_DeepLink,M2_MIRP_Users_DeepLink,M2_MIRP_Users_DeepLink,M2_MIRP_Users_DeepLink,M2_MIRP_Users_DeepLink,M2_MIRP_Users_DeepLink,M2_MIRP_Users_DeepLink,M2_MIRP_Users_DeepLink,M2_MIRP_Users_DeepLink,M2_MIRP_Users_DeepLink,M2_MIRP_Users_DeepLink,M2_MIRP_Users_DeepLink,M2_MIRP_Users_DeepLink,M2_MIRP_Users_DeepLink,M2_MIRP_Users_DeepLink,M2_MIRP_Users_DeepLink,M2_MIRP_Users_DeepLink,M2_MIRP_Users_DeepLink,M2_MIRP_Users_DeepLink,M2_MIRP_Users_Login,M2_MIRP_Users_DeepLink,M2_MIRP_Users_DeepLink,M2_MIRP_Users_DeepLink,M2_MIRP_Users_DeepLink,M2_MIRP_Users_Login,M2_MIRP_Users_DeepLink,M2_MIRP_Users_DeepLink,M2_MIRP_Users_DeepLink,M2_MIRP_Users_DeepLink,M2_MIRP_Users_DeepLink,M2_MIRP_Users_DeepLink,M2_MIRP_Users_DeepLink,M2_MIRP_Users_DeepLink,M2_MIRP_Users_Login,M2_MIRP_Users_DeepLink,M2_MIRP_Users_DeepLink
Module 2_Prospect_MIRP_Revisit_URL,https://www.nrsforu.com/iApp/rsc/one-rp-retirement-planner.x,https://www.nationwide.com/myretirement,https://www.arizonadc.com/iApp/rsc/one-rp-retirement-planner.x,https://www.aurora457.com/iApp/rsc/one-rp-retirement-planner.x,https://www.retirewithbmore.com/iApp/rsc/one-rp-retirement-planner.x,https://www.savingsplusnow.com/iApp/rsc/one-rp-retirement-planner.x,https://www.chicagodeferredcomp.com/iApp/rsc/one-rp-retirement-planner.x,https://www.cookcountydc.com/iApp/rsc/one-rp-retirement-planner.x,https://www.denver457.com/iApp/rsc/one-rp-retirement-planner.x,https://www.desmoinesdcp.org/iApp/rsc/login.x,https://www.nrsflorida.com/iApp/rsc/one-rp-retirement-planner.x,https://www.FortCollinsRP.com/iApp/rsc/one-rp-retirement-planner.x,https://www.fresno457.com/iApp/rsc/one-rp-retirement-planner.x,https://www.nrsforu.com/iApp/rsc/one-rp-retirement-planner.x,https://www.geneseecodcplans.com/iApp/rsc/one-rp-retirement-planner.x,https://www.kcmodc.com/iApp/rsc/one-rp-retirement-planner.x,https://www.kcpddc.com/iApp/rsc/one-rp-retirement-planner.x,https://www.kentuckyplans.com/iApp/rsc/one-rp-retirement-planner.x,https://www.CLVdeferredcomp.com/iApp/rsc/one-rp-retirement-planner.x,https://www.maricopadc.com/iApp/rsc/one-rp-retirement-planner.x,https://www.masshousingdc.com/iApp/rsc/one-rp-retirement-planner.x,https://www.mesafiredc.com/iApp/rsc/one-rp-retirement-planner.x,https://www.nationwide.com/mhsc.jsp,https://www.martadcp.com/iApp/rsc/one-rp-retirement-planner.x,https://www.miami457.com/iApp/rsc/one-rp-retirement-planner.x,https://www.miamidade457.com/iApp/rsc/one-rp-retirement-planner.x,https://www.mcdc457.com/iApp/rsc/one-rp-retirement-planner.x,https://www.nationwide.com/msm.jsp,https://www.cityofsacretplan.com/iApp/rsc/one-rp-retirement-planner.x,https://www.nrsforu.com/iApp/rsc/one-rp-retirement-planner.x,https://www.mydcplan.com/iApp/rsc/one-rp-retirement-planner.x,https://www.santaclaracadcp.com/iApp/rsc/one-rp-retirement-planner.x,https://www.santaclarawaterdcp.com/iApp/rsc/one-rp-retirement-planner.x,https://www.scottsdale457.com/iApp/rsc/one-rp-retirement-planner.x,https://www.srp457.com/iApp/rsc/one-rp-retirement-planner.x,https://www.stanislausdc.com/iApp/rsc/one-rp-retirement-planner.x,https://www.nationwide.com/suncoast.jsp,https://www.tulsa457.com/iApp/rsc/one-rp-retirement-planner.x,https://www.mythorntonretirement.com/iApp/rsc/one-rp-retirement-planner.x
Module 2_Prospect_MIRP_Revisit_Alias,M2_MIRP_ReVisit_DeepLink,M2_MIRP_ReVisit_Login,M2_MIRP_ReVisit_DeepLink,M2_MIRP_ReVisit_DeepLink,M2_MIRP_ReVisit_DeepLink,M2_MIRP_ReVisit_DeepLink,M2_MIRP_ReVisit_DeepLink,M2_MIRP_ReVisit_DeepLink,M2_MIRP_ReVisit_DeepLink,M2_MIRP_ReVisit_DeepLink,M2_MIRP_ReVisit_DeepLink,M2_MIRP_ReVisit_DeepLink,M2_MIRP_ReVisit_DeepLink,M2_MIRP_ReVisit_DeepLink,M2_MIRP_ReVisit_DeepLink,M2_MIRP_ReVisit_DeepLink,M2_MIRP_ReVisit_DeepLink,M2_MIRP_ReVisit_DeepLink,M2_MIRP_ReVisit_DeepLink,M2_MIRP_ReVisit_DeepLink,M2_MIRP_ReVisit_DeepLink,M2_MIRP_ReVisit_DeepLink,M2_MIRP_ReVisit_Login,M2_MIRP_ReVisit_DeepLink,M2_MIRP_ReVisit_DeepLink,M2_MIRP_ReVisit_DeepLink,M2_MIRP_ReVisit_DeepLink,M2_MIRP_ReVisit_Login,M2_MIRP_ReVisit_DeepLink,M2_MIRP_ReVisit_DeepLink,M2_MIRP_ReVisit_DeepLink,M2_MIRP_ReVisit_DeepLink,M2_MIRP_ReVisit_DeepLink,M2_MIRP_ReVisit_DeepLink,M2_MIRP_ReVisit_DeepLink,M2_MIRP_ReVisit_DeepLink,M2_MIRP_ReVisit_Login,M2_MIRP_ReVisit_DeepLink,M2_MIRP_ReVisit_DeepLink
Module 2_Prospect_Stay_in_Plan_Retiree_URL,https://www.nrsforu.com/rsc-web-preauth/about-to-retire/articles/stay-in-your-plan.html,,https://www.arizonadc.com/iApp/tcm/arizonadc/learning/library/possible_benefits_of_staying_in_the_plan.jsp,https://www.aurora457.org/iApp/tcm/aurora457/learning/library/possible_benefits_of_staying_in_the_plan.jsp,https://www.retirewithbmore.org/iApp/tcm/retirewithbmore/learning/library/possible_benefits_of_staying_in_the_plan.jsp,https://www.savingsplusnow.com/iApp/tcm/savingsplusnow/learning/library/possible_benefits_of_staying_in_the_plan.jsp,https://www.chicagodeferredcomp.com/iApp/tcm/chicagodeferredcomp/learning/library/possible_benefits_of_staying_in_the_plan.jsp,https://www.cookcountydc.com/iApp/tcm/cookcountydc/learning/library/possible_benefits_of_staying_in_the_plan.jsp,https://www.denver457.com/iApp/tcm/denver457/learning/library/possible_benefits_of_staying_in_the_plan.jsp,https://www.desmoinesdcp.org/iApp/tcm/desmoinesdcp/learning/library/possible_benefits_of_staying_in_the_plan.jsp,https://www.nrsflorida.com/iApp/tcm/nrsflorida/learning/library/possible_benefits_of_staying_in_the_plan.jsp,https://www.FortCollinsRP.com/rsc-web-preauth/about-to-retire/articles/stay-in-your-plan.html,https://www.fresno457.com/rsc-web-preauth/about-to-retire/articles/stay-in-your-plan.html,https://www.nrsforu.com/rsc-web-preauth/about-to-retire/articles/stay-in-your-plan.html,https://www.geneseecodcplans.com/rsc-web-preauth/about-to-retire/articles/stay-in-your-plan.html,https://www.kcmodc.com/iApp/tcm/kcmodc/learning/library/possible_benefits_of_staying_in_the_plan.jsp,https://www.kcpddc.com/iApp/tcm/kcpddc/learning/library/possible_benefits_of_staying_in_the_plan.jsp,https://www.kentuckyplans.com/iApp/tcm/kentuckyplans/learning/library/possible_benefits_of_staying_in_the_plan.jsp,https://www.CLVdeferredcomp.com/rsc-web-preauth/about-to-retire/articles/stay-in-your-plan.html,https://www.maricopadc.com/iApp/tcm/maricopadc/learning/library/possible_benefits_of_staying_in_the_plan.jsp,https://www.masshousingdc.com/rsc-web-preauth/about-to-retire/articles/stay-in-your-plan.html,https://www.mesafiredc.com/iApp/tcm/mesafiredc/learning/library/possible_benefits_of_staying_in_the_plan.jsp,,https://www.martadcp.com/rsc-web-preauth/about-to-retire/articles/stay-in-your-plan.html,https://www.miami457.com/rsc-web-preauth/about-to-retire/articles/stay-in-your-plan.html,https://www.miamidade457.com/iApp/tcm/miamidade457/learning/library/possible_benefits_of_staying_in_the_plan.jsp,https://www.mcdc457.com/rsc-web-preauth/about-to-retire/articles/stay-in-your-plan.html,,https://www.cityofsacretplan.com/iApp/tcm/cityofsacretplan/learning/library/possible_benefits_of_staying_in_the_plan.jsp,https://www.nrsforu.com/rsc-web-preauth/about-to-retire/articles/stay-in-your-plan.html,https://www.mydcplan.com/iApp/tcm/mydcplan/learning/library/possible_benefits_of_staying_in_the_plan.jsp,https://www.santaclaracadcp.com/iApp/tcm/santaclaracadcp/learning/library/possible_benefits_of_staying_in_the_plan.jsp,https://www.santaclarawaterdcp.com/iApp/tcm/santaclarawaterdcp/learning/library/possible_benefits_of_staying_in_the_plan.jsp,https://www.scottsdale457.com/iApp/tcm/scottsdale457/learning/library/possible_benefits_of_staying_in_the_plan.jsp,https://www.srp457.com/iApp/tcm/srp457/learning/library/possible_benefits_of_staying_in_the_plan.jsp,https://www.stanislausdc.com/rsc-web-preauth/about-to-retire/articles/stay-in-your-plan.html,,https://www.tulsa457.com/iApp/tcm/tulsa457/learning/library/possible_benefits_of_staying_in_the_plan.jsp,https://www.mythorntonretirement.com/rsc-web-preauth/about-to-retire/articles/stay-in-your-plan.html
Module 2_Prospect_Stay_in_Plan_Retiree_Alias,M2_StayInPlan_PUBRetirees_Benefits,,M2_StayInPlan_PUBRetirees_Benefits,M2_StayInPlan_PUBRetirees_Benefits,M2_StayInPlan_PUBRetirees_Benefits,M2_StayInPlan_PUBRetirees_Benefits,M2_StayInPlan_PUBRetirees_Benefits,M2_StayInPlan_PUBRetirees_Benefits,M2_StayInPlan_PUBRetirees_Benefits,M2_StayInPlan_PUBRetirees_Benefits,M2_StayInPlan_PUBRetirees_Benefits,M2_StayInPlan_PUBRetirees_Benefits,M2_StayInPlan_PUBRetirees_Benefits,M2_StayInPlan_PUBRetirees_Benefits,M2_StayInPlan_PUBRetirees_Benefits,M2_StayInPlan_PUBRetirees_Benefits,M2_StayInPlan_PUBRetirees_Benefits,M2_StayInPlan_PUBRetirees_Benefits,M2_StayInPlan_PUBRetirees_Benefits,M2_StayInPlan_PUBRetirees_Benefits,M2_StayInPlan_PUBRetirees_Benefits,M2_StayInPlan_PUBRetirees_Benefits,,M2_StayInPlan_PUBRetirees_Benefits,M2_StayInPlan_PUBRetirees_Benefits,M2_StayInPlan_PUBRetirees_Benefits,M2_StayInPlan_PUBRetirees_Benefits,,M2_StayInPlan_PUBRetirees_Benefits,M2_StayInPlan_PUBRetirees_Benefits,M2_StayInPlan_PUBRetirees_Benefits,M2_StayInPlan_PUBRetirees_Benefits,M2_StayInPlan_PUBRetirees_Benefits,M2_StayInPlan_PUBRetirees_Benefits,M2_StayInPlan_PUBRetirees_Benefits,M2_StayInPlan_PUBRetirees_Benefits,,M2_StayInPlan_PUBRetirees_Benefits,M2_StayInPlan_PUBRetirees_Benefits
Module 2_Prospect_Stay_in_Plan_Transitioner_URL,https://www.nrsforu.com/rsc-web-preauth/about-to-retire/articles/stay-in-your-plan.html,,https://www.arizonadc.com/iApp/tcm/arizonadc/learning/library/possible_benefits_of_staying_in_the_plan.jsp,https://www.aurora457.org/iApp/tcm/aurora457/learning/library/possible_benefits_of_staying_in_the_plan.jsp,https://www.retirewithbmore.org/iApp/tcm/retirewithbmore/learning/library/possible_benefits_of_staying_in_the_plan.jsp,https://www.savingsplusnow.com/iApp/tcm/savingsplusnow/learning/library/possible_benefits_of_staying_in_the_plan.jsp,https://www.chicagodeferredcomp.com/iApp/tcm/chicagodeferredcomp/learning/library/possible_benefits_of_staying_in_the_plan.jsp,https://www.cookcountydc.com/iApp/tcm/cookcountydc/learning/library/possible_benefits_of_staying_in_the_plan.jsp,https://www.denver457.com/iApp/tcm/denver457/learning/library/possible_benefits_of_staying_in_the_plan.jsp,https://www.desmoinesdcp.org/iApp/tcm/desmoinesdcp/learning/library/possible_benefits_of_staying_in_the_plan.jsp,https://www.nrsflorida.com/iApp/tcm/nrsflorida/learning/library/possible_benefits_of_staying_in_the_plan.jsp,https://www.FortCollinsRP.com/rsc-web-preauth/about-to-retire/articles/stay-in-your-plan.html,https://www.fresno457.com/rsc-web-preauth/about-to-retire/articles/stay-in-your-plan.html,https://www.nrsforu.com/rsc-web-preauth/about-to-retire/articles/stay-in-your-plan.html,https://www.geneseecodcplans.com/rsc-web-preauth/about-to-retire/articles/stay-in-your-plan.html,https://www.kcmodc.com/iApp/tcm/kcmodc/learning/library/possible_benefits_of_staying_in_the_plan.jsp,https://www.kcpddc.com/iApp/tcm/kcpddc/learning/library/possible_benefits_of_staying_in_the_plan.jsp,https://www.kentuckyplans.com/iApp/tcm/kentuckyplans/learning/library/possible_benefits_of_staying_in_the_plan.jsp,https://www.CLVdeferredcomp.com/rsc-web-preauth/about-to-retire/articles/stay-in-your-plan.html,https://www.maricopadc.com/iApp/tcm/maricopadc/learning/library/possible_benefits_of_staying_in_the_plan.jsp,https://www.masshousingdc.com/rsc-web-preauth/about-to-retire/articles/stay-in-your-plan.html,https://www.mesafiredc.com/iApp/tcm/mesafiredc/learning/library/possible_benefits_of_staying_in_the_plan.jsp,,https://www.martadcp.com/rsc-web-preauth/about-to-retire/articles/stay-in-your-plan.html,https://www.miami457.com/rsc-web-preauth/about-to-retire/articles/stay-in-your-plan.html,https://www.miamidade457.com/iApp/tcm/miamidade457/learning/library/possible_benefits_of_staying_in_the_plan.jsp,https://www.mcdc457.com/rsc-web-preauth/about-to-retire/articles/stay-in-your-plan.html,,https://www.cityofsacretplan.com/iApp/tcm/cityofsacretplan/learning/library/possible_benefits_of_staying_in_the_plan.jsp,https://www.nrsforu.com/rsc-web-preauth/about-to-retire/articles/stay-in-your-plan.html,https://www.mydcplan.com/iApp/tcm/mydcplan/learning/library/possible_benefits_of_staying_in_the_plan.jsp,https://www.santaclaracadcp.com/iApp/tcm/santaclaracadcp/learning/library/possible_benefits_of_staying_in_the_plan.jsp,https://www.santaclarawaterdcp.com/iApp/tcm/santaclarawaterdcp/learning/library/possible_benefits_of_staying_in_the_plan.jsp,https://www.scottsdale457.com/iApp/tcm/scottsdale457/learning/library/possible_benefits_of_staying_in_the_plan.jsp,https://www.srp457.com/iApp/tcm/srp457/learning/library/possible_benefits_of_staying_in_the_plan.jsp,https://www.stanislausdc.com/rsc-web-preauth/about-to-retire/articles/stay-in-your-plan.html,,https://www.tulsa457.com/iApp/tcm/tulsa457/learning/library/possible_benefits_of_staying_in_the_plan.jsp,https://www.mythorntonretirement.com/rsc-web-preauth/about-to-retire/articles/stay-in-your-plan.html
Module 2_Prospect_Stay_in_Plan_Transitioner_Alias,M2_StayInPlan_Transitioners_Benefits,,M2_StayInPlan_Transitioners_Benefits,M2_StayInPlan_Transitioners_Benefits,M2_StayInPlan_Transitioners_Benefits,M2_StayInPlan_Transitioners_Benefits,M2_StayInPlan_Transitioners_Benefits,M2_StayInPlan_Transitioners_Benefits,M2_StayInPlan_Transitioners_Benefits,M2_StayInPlan_Transitioners_Benefits,M2_StayInPlan_Transitioners_Benefits,M2_StayInPlan_Transitioners_Benefits,M2_StayInPlan_Transitioners_Benefits,M2_StayInPlan_Transitioners_Benefits,M2_StayInPlan_Transitioners_Benefits,M2_StayInPlan_Transitioners_Benefits,M2_StayInPlan_Transitioners_Benefits,M2_StayInPlan_Transitioners_Benefits,M2_StayInPlan_Transitioners_Benefits,M2_StayInPlan_Transitioners_Benefits,M2_StayInPlan_Transitioners_Benefits,M2_StayInPlan_Transitioners_Benefits,,M2_StayInPlan_Transitioners_Benefits,M2_StayInPlan_Transitioners_Benefits,M2_StayInPlan_Transitioners_Benefits,M2_StayInPlan_Transitioners_Benefits,,M2_StayInPlan_Transitioners_Benefits,M2_StayInPlan_Transitioners_Benefits,M2_StayInPlan_Transitioners_Benefits,M2_StayInPlan_Transitioners_Benefits,M2_StayInPlan_Transitioners_Benefits,M2_StayInPlan_Transitioners_Benefits,M2_StayInPlan_Transitioners_Benefits,M2_StayInPlan_Transitioners_Benefits,,M2_StayInPlan_Transitioners_Benefits,M2_StayInPlan_Transitioners_Benefits
Module 2_Prospect_FNA_Retiree_Phone,,,,,,,,,,,,,,,,,,,,,,,,,,,,,,,,,,,,,,,
Module 2_Prospect_FNA_Retiree_Alias,,,,,,,,,,,,,,,,,,,,,,,,,,,,,,,,,,,,,,,
Module 2_Prospect_FNA_NonRetiree_Phone,,,,,,,,,,,,,,,,,,,,,,,,,,,,,,,,,,,,,,,
Module 2_Prospect_FNA_NonRetiree_Alias,,,,,,,,,,,,,,,,,,,,,,,,,,,,,,,,,,,,,,,
Module 2_Prospect_Covid19_Hub_URL,,,,,,,,,,,,,,,,,,,,,,,,,,,,,,,,,,,,,,,
Module 2_Prospect_Covid19_Hub_Alias,,,,,,,,,,,,,,,,,,,,,,,,,,,,,,,,,,,,,,,
Module_2_Prospect_Financial_Hardship_Phone,,,,,,,,,,,,,,,,,,,,,,,,,,,,,,,,,,,,,,,
Module_2_Prospect_Financial_Hardship_Alias,,,,,,,,,,,,,,,,,,,,,,,,,,,,,,,,,,,,,,,
Inferred Retiree_T1SL_A,The conversation more people are having,,The conversation more people are having,The conversation more people are having,The conversation more people are having,The conversation more people are having,The conversation more people are having,The conversation more people are having,The conversation more people are having,The conversation more people are having,The conversation more people are having,The conversation more people are having,The conversation more people are having,The conversation more people are having,The conversation more people are having,The conversation more people are having,The conversation more people are having,The conversation more people are having,The conversation more people are having,The conversation more people are having,The conversation more people are having,The conversation more people are having,,The conversation more people are having,The conversation more people are having,The conversation more people are having,The conversation more people are having,,The conversation more people are having,The conversation more people are having,The conversation more people are having,The conversation more people are having,The conversation more people are having,The conversation more people are having,The conversation more people are having,The conversation more people are having,,The conversation more people are having,The conversation more people are having
Inferred Retiree_T1SL_B,,,,,,,,,,,,,,,,,,,,,,,,,,,,,,,,,,,,,,,
Transitioner_T1SL_A,The conversation more people are having,The conversation more people are having,The conversation more people are having,The conversation more people are having,The conversation more people are having,The conversation more people are having,The conversation more people are having,The conversation more people are having,The conversation more people are having,The conversation more people are having,The conversation more people are having,The conversation more people are having,The conversation more people are having,The conversation more people are having,The conversation more people are having,The conversation more people are having,The conversation more people are having,The conversation more people are having,The conversation more people are having,The conversation more people are having,The conversation more people are having,The conversation more people are having,The conversation more people are having,The conversation more people are having,The conversation more people are having,The conversation more people are having,The conversation more people are having,The conversation more people are having,The conversation more people are having,The conversation more people are having,The conversation more people are having,The conversation more people are having,The conversation more people are having,The conversation more people are having,The conversation more people are having,The conversation more people are having,The conversation more people are having,The conversation more people are having,The conversation more people are having
Transitioner_T1SL_B,,,,,,,,,,,,,,,,,,,,,,,,,,,,,,,,,,,,,,,
Mid-Career Saver_T1SL_A,A pro tip on credit scores,A pro tip on credit scores,A pro tip on credit scores,A pro tip on credit scores,A pro tip on credit scores,A pro tip on credit scores,A pro tip on credit scores,A pro tip on credit scores,A pro tip on credit scores,A pro tip on credit scores,A pro tip on credit scores,A pro tip on credit scores,A pro tip on credit scores,A pro tip on credit scores,A pro tip on credit scores,A pro tip on credit scores,A pro tip on credit scores,A pro tip on credit scores,A pro tip on credit scores,A pro tip on credit scores,A pro tip on credit scores,A pro tip on credit scores,A pro tip on credit scores,A pro tip on credit scores,A pro tip on credit scores,A pro tip on credit scores,A pro tip on credit scores,A pro tip on credit scores,A pro tip on credit scores,A pro tip on credit scores,A pro tip on credit scores,A pro tip on credit scores,A pro tip on credit scores,A pro tip on credit scores,A pro tip on credit scores,A pro tip on credit scores,A pro tip on credit scores,A pro tip on credit scores,A pro tip on credit scores
Mid-Career Saver_T1SL_B,,,,,,,,,,,,,,,,,,,,,,,,,,,,,,,,,,,,,,,
Young Saver_T1SL_A,A pro tip on credit scores,A pro tip on credit scores,A pro tip on credit scores,A pro tip on credit scores,A pro tip on credit scores,A pro tip on credit scores,A pro tip on credit scores,A pro tip on credit scores,A pro tip on credit scores,A pro tip on credit scores,A pro tip on credit scores,A pro tip on credit scores,A pro tip on credit scores,A pro tip on credit scores,A pro tip on credit scores,A pro tip on credit scores,A pro tip on credit scores,A pro tip on credit scores,A pro tip on credit scores,A pro tip on credit scores,A pro tip on credit scores,A pro tip on credit scores,A pro tip on credit scores,A pro tip on credit scores,A pro tip on credit scores,A pro tip on credit scores,A pro tip on credit scores,A pro tip on credit scores,A pro tip on credit scores,A pro tip on credit scores,A pro tip on credit scores,A pro tip on credit scores,A pro tip on credit scores,A pro tip on credit scores,A pro tip on credit scores,A pro tip on credit scores,A pro tip on credit scores,A pro tip on credit scores,A pro tip on credit scores
Young Saver_T1SL_B,,,,,,,,,,,,,,,,,,,,,,,,,,,,,,,,,,,,,,,
Inferred Retiree_T1SLRB,Creating a will  free and simplified,,Creating a will  free and simplified,Creating a will  free and simplified,Creating a will  free and simplified,Creating a will  free and simplified,Creating a will  free and simplified,Creating a will  free and simplified,Creating a will  free and simplified,Creating a will  free and simplified,Creating a will  free and simplified,Creating a will  free and simplified,Creating a will  free and simplified,Creating a will  free and simplified,Creating a will  free and simplified,Creating a will  free and simplified,Creating a will  free and simplified,Creating a will  free and simplified,Creating a will  free and simplified,Creating a will  free and simplified,Creating a will  free and simplified,Creating a will  free and simplified,,Creating a will  free and simplified,Creating a will  free and simplified,Creating a will  free and simplified,Creating a will  free and simplified,,Creating a will  free and simplified,Creating a will  free and simplified,Creating a will  free and simplified,Creating a will  free and simplified,Creating a will  free and simplified,Creating a will  free and simplified,Creating a will  free and simplified,Creating a will  free and simplified,,Creating a will  free and simplified,Creating a will  free and simplified
Transitioner_T1SLRB,Creating a will  free and simplified,Creating a will  free and simplified,Creating a will  free and simplified,Creating a will  free and simplified,Creating a will  free and simplified,Creating a will  free and simplified,Creating a will  free and simplified,Creating a will  free and simplified,Creating a will  free and simplified,Creating a will  free and simplified,Creating a will  free and simplified,Creating a will  free and simplified,Creating a will  free and simplified,Creating a will  free and simplified,Creating a will  free and simplified,Creating a will  free and simplified,Creating a will  free and simplified,Creating a will  free and simplified,Creating a will  free and simplified,Creating a will  free and simplified,Creating a will  free and simplified,Creating a will  free and simplified,Creating a will  free and simplified,Creating a will  free and simplified,Creating a will  free and simplified,Creating a will  free and simplified,Creating a will  free and simplified,Creating a will  free and simplified,Creating a will  free and simplified,Creating a will  free and simplified,Creating a will  free and simplified,Creating a will  free and simplified,Creating a will  free and simplified,Creating a will  free and simplified,Creating a will  free and simplified,Creating a will  free and simplified,Creating a will  free and simplified,Creating a will  free and simplified,Creating a will  free and simplified
Mid-Career Saver_T1SLRB,How your credit score can help your retirement,How your credit score can help your retirement,How your credit score can help your retirement,How your credit score can help your retirement,How your credit score can help your retirement,How your credit score can help your retirement,How your credit score can help your retirement,How your credit score can help your retirement,How your credit score can help your retirement,How your credit score can help your retirement,How your credit score can help your retirement,How your credit score can help your retirement,How your credit score can help your retirement,How your credit score can help your retirement,How your credit score can help your retirement,How your credit score can help your retirement,How your credit score can help your retirement,How your credit score can help your retirement,How your credit score can help your retirement,How your credit score can help your retirement,How your credit score can help your retirement,How your credit score can help your retirement,How your credit score can help your retirement,How your credit score can help your retirement,How your credit score can help your retirement,How your credit score can help your retirement,How your credit score can help your retirement,How your credit score can help your retirement,How your credit score can help your retirement,How your credit score can help your retirement,How your credit score can help your retirement,How your credit score can help your retirement,How your credit score can help your retirement,How your credit score can help your retirement,How your credit score can help your retirement,How your credit score can help your retirement,How your credit score can help your retirement,How your credit score can help your retirement,How your credit score can help your retirement
Young Saver_T1SLRB,How your credit score can help your retirement,How your credit score can help your retirement,How your credit score can help your retirement,How your credit score can help your retirement,How your credit score can help your retirement,How your credit score can help your retirement,How your credit score can help your retirement,How your credit score can help your retirement,How your credit score can help your retirement,How your credit score can help your retirement,How your credit score can help your retirement,How your credit score can help your retirement,How your credit score can help your retirement,How your credit score can help your retirement,How your credit score can help your retirement,How your credit score can help your retirement,How your credit score can help your retirement,How your credit score can help your retirement,How your credit score can help your retirement,How your credit score can help your retirement,How your credit score can help your retirement,How your credit score can help your retirement,How your credit score can help your retirement,How your credit score can help your retirement,How your credit score can help your retirement,How your credit score can help your retirement,How your credit score can help your retirement,How your credit score can help your retirement,How your credit score can help your retirement,How your credit score can help your retirement,How your credit score can help your retirement,How your credit score can help your retirement,How your credit score can help your retirement,How your credit score can help your retirement,How your credit score can help your retirement,How your credit score can help your retirement,How your credit score can help your retirement,How your credit score can help your retirement,How your credit score can help your retirement
Inferred Retiree_T1SSL,Prepare for your future to make sure your wishes are honored.,,Prepare for your future to make sure your wishes are honored.,Prepare for your future to make sure your wishes are honored.,Prepare for your future to make sure your wishes are honored.,Prepare for your future to make sure your wishes are honored.,Prepare for your future to make sure your wishes are honored.,Prepare for your future to make sure your wishes are honored.,Prepare for your future to make sure your wishes are honored.,Prepare for your future to make sure your wishes are honored.,Prepare for your future to make sure your wishes are honored.,Prepare for your future to make sure your wishes are honored.,Prepare for your future to make sure your wishes are honored.,Prepare for your future to make sure your wishes are honored.,Prepare for your future to make sure your wishes are honored.,Prepare for your future to make sure your wishes are honored.,Prepare for your future to make sure your wishes are honored.,Prepare for your future to make sure your wishes are honored.,Prepare for your future to make sure your wishes are honored.,Prepare for your future to make sure your wishes are honored.,Prepare for your future to make sure your wishes are honored.,Prepare for your future to make sure your wishes are honored.,,Prepare for your future to make sure your wishes are honored.,Prepare for your future to make sure your wishes are honored.,Prepare for your future to make sure your wishes are honored.,Prepare for your future to make sure your wishes are honored.,,Prepare for your future to make sure your wishes are honored.,Prepare for your future to make sure your wishes are honored.,Prepare for your future to make sure your wishes are honored.,Prepare for your future to make sure your wishes are honored.,Prepare for your future to make sure your wishes are honored.,Prepare for your future to make sure your wishes are honored.,Prepare for your future to make sure your wishes are honored.,Prepare for your future to make sure your wishes are honored.,,Prepare for your future to make sure your wishes are honored.,Prepare for your future to make sure your wishes are honored.
Transitioner_T1SSL,Prepare for your future to make sure your wishes are honored.,Prepare for your future to make sure your wishes are honored.,Prepare for your future to make sure your wishes are honored.,Prepare for your future to make sure your wishes are honored.,Prepare for your future to make sure your wishes are honored.,Prepare for your future to make sure your wishes are honored.,Prepare for your future to make sure your wishes are honored.,Prepare for your future to make sure your wishes are honored.,Prepare for your future to make sure your wishes are honored.,Prepare for your future to make sure your wishes are honored.,Prepare for your future to make sure your wishes are honored.,Prepare for your future to make sure your wishes are honored.,Prepare for your future to make sure your wishes are honored.,Prepare for your future to make sure your wishes are honored.,Prepare for your future to make sure your wishes are honored.,Prepare for your future to make sure your wishes are honored.,Prepare for your future to make sure your wishes are honored.,Prepare for your future to make sure your wishes are honored.,Prepare for your future to make sure your wishes are honored.,Prepare for your future to make sure your wishes are honored.,Prepare for your future to make sure your wishes are honored.,Prepare for your future to make sure your wishes are honored.,Prepare for your future to make sure your wishes are honored.,Prepare for your future to make sure your wishes are honored.,Prepare for your future to make sure your wishes are honored.,Prepare for your future to make sure your wishes are honored.,Prepare for your future to make sure your wishes are honored.,Prepare for your future to make sure your wishes are honored.,Prepare for your future to make sure your wishes are honored.,Prepare for your future to make sure your wishes are honored.,Prepare for your future to make sure your wishes are honored.,Prepare for your future to make sure your wishes are honored.,Prepare for your future to make sure your wishes are honored.,Prepare for your future to make sure your wishes are honored.,Prepare for your future to make sure your wishes are honored.,Prepare for your future to make sure your wishes are honored.,Prepare for your future to make sure your wishes are honored.,Prepare for your future to make sure your wishes are honored.,Prepare for your future to make sure your wishes are honored.
Mid-Career Saver_T1SSL,Get tips on how to raise your credit score and improve your finances.,Get tips on how to raise your credit score and improve your finances.,Get tips on how to raise your credit score and improve your finances.,Get tips on how to raise your credit score and improve your finances.,Get tips on how to raise your credit score and improve your finances.,Get tips on how to raise your credit score and improve your finances.,Get tips on how to raise your credit score and improve your finances.,Get tips on how to raise your credit score and improve your finances.,Get tips on how to raise your credit score and improve your finances.,Get tips on how to raise your credit score and improve your finances.,Get tips on how to raise your credit score and improve your finances.,Get tips on how to raise your credit score and improve your finances.,Get tips on how to raise your credit score and improve your finances.,Get tips on how to raise your credit score and improve your finances.,Get tips on how to raise your credit score and improve your finances.,Get tips on how to raise your credit score and improve your finances.,Get tips on how to raise your credit score and improve your finances.,Get tips on how to raise your credit score and improve your finances.,Get tips on how to raise your credit score and improve your finances.,Get tips on how to raise your credit score and improve your finances.,Get tips on how to raise your credit score and improve your finances.,Get tips on how to raise your credit score and improve your finances.,Get tips on how to raise your credit score and improve your finances.,Get tips on how to raise your credit score and improve your finances.,Get tips on how to raise your credit score and improve your finances.,Get tips on how to raise your credit score and improve your finances.,Get tips on how to raise your credit score and improve your finances.,Get tips on how to raise your credit score and improve your finances.,Get tips on how to raise your credit score and improve your finances.,Get tips on how to raise your credit score and improve your finances.,Get tips on how to raise your credit score and improve your finances.,Get tips on how to raise your credit score and improve your finances.,Get tips on how to raise your credit score and improve your finances.,Get tips on how to raise your credit score and improve your finances.,Get tips on how to raise your credit score and improve your finances.,Get tips on how to raise your credit score and improve your finances.,Get tips on how to raise your credit score and improve your finances.,Get tips on how to raise your credit score and improve your finances.,Get tips on how to raise your credit score and improve your finances.
Young Saver_T1SSL,Get tips on how to raise your credit score and improve your finances.,Get tips on how to raise your credit score and improve your finances.,Get tips on how to raise your credit score and improve your finances.,Get tips on how to raise your credit score and improve your finances.,Get tips on how to raise your credit score and improve your finances.,Get tips on how to raise your credit score and improve your finances.,Get tips on how to raise your credit score and improve your finances.,Get tips on how to raise your credit score and improve your finances.,Get tips on how to raise your credit score and improve your finances.,Get tips on how to raise your credit score and improve your finances.,Get tips on how to raise your credit score and improve your finances.,Get tips on how to raise your credit score and improve your finances.,Get tips on how to raise your credit score and improve your finances.,Get tips on how to raise your credit score and improve your finances.,Get tips on how to raise your credit score and improve your finances.,Get tips on how to raise your credit score and improve your finances.,Get tips on how to raise your credit score and improve your finances.,Get tips on how to raise your credit score and improve your finances.,Get tips on how to raise your credit score and improve your finances.,Get tips on how to raise your credit score and improve your finances.,Get tips on how to raise your credit score and improve your finances.,Get tips on how to raise your credit score and improve your finances.,Get tips on how to raise your credit score and improve your finances.,Get tips on how to raise your credit score and improve your finances.,Get tips on how to raise your credit score and improve your finances.,Get tips on how to raise your credit score and improve your finances.,Get tips on how to raise your credit score and improve your finances.,Get tips on how to raise your credit score and improve your finances.,Get tips on how to raise your credit score and improve your finances.,Get tips on how to raise your credit score and improve your finances.,Get tips on how to raise your credit score and improve your finances.,Get tips on how to raise your credit score and improve your finances.,Get tips on how to raise your credit score and improve your finances.,Get tips on how to raise your credit score and improve your finances.,Get tips on how to raise your credit score and improve your finances.,Get tips on how to raise your credit score and improve your finances.,Get tips on how to raise your credit score and improve your finances.,Get tips on how to raise your credit score and improve your finances.,Get tips on how to raise your credit score and improve your finances.
